product_category,product_subcategory,target_age_range,customer,number_of_stars,review_style,product_name,product_name__reasoning_trace,customer_review,customer_review__reasoning_trace
Home & Kitchen,Furniture,25-35,"{'age': 45, 'bachelors_field': 'no degree', 'birth_date': '1980-05-31', 'city': 'Hallandale', 'country': 'USA', 'county': 'Broward County', 'education_level': 'high_school', 'email_address': 'jorge.fuenzalida1980@icloud.com', 'ethnic_background': 'venezuelan', 'first_name': 'Jorge', 'last_name': 'Fuenzalida', 'locale': 'en_US', 'marital_status': 'married_present', 'middle_name': 'Lee', 'occupation': 'market_research_analyst_or_marketing_specialist', 'phone_number': '305-725-9005', 'sex': 'Male', 'ssn': '262-73-9082', 'state': 'FL', 'street_name': 'Wood Hill Pl', 'street_number': 608, 'unit': '', 'uuid': '0546584c-b092-4b4f-9820-0a470de5ad97', 'zipcode': '33009'}",4,detailed,UrbanNest,"Okay, the user wants a creative product name for a 'Home & Kitchen' category, specifically furniture, targeting 25-35 year olds. Let me think about what this demographic values. They might be into modern, minimalist designs, maybe multifunctional pieces since they could be living in smaller spaces or starting families. Words like ""urban,"" ""modular,"" ""sleek,"" or ""smart"" could resonate.

Need to make sure the name is catchy and not too long. Maybe combine a trendy term with a furniture-related word. ""UrbanNest"" comes to mind—urban for the modern vibe, nest implying home comfort. Another option could be ""ModuLuxe,"" combining modular and luxury. Or ""SleekSpace"" to emphasize style and space efficiency. Let me check if these names are unique and not already trademarked. Also, should avoid anything too generic. ""UrbanNest"" sounds good, it's specific and conveys both location and comfort. Yeah, that should work.","**Review Title: UrbanNest – A Stylish and Functional Addition to My Hallandale Home**  

As a 45-year-old resident of Hallandale, FL, I’ve always appreciated furniture that balances modern design with practicality, especially given our area’s mix of urban living and coastal charm. I recently purchased the UrbanNest modular sofa from an online retailer, and after several weeks of use, I’m sharing my detailed experience here. While I’m giving it a 4-star rating (rather than 5), I believe it’s still a strong contender for anyone seeking a versatile, high-quality piece.  

**Design and Aesthetics:**  
The UrbanNest immediately stood out for its sleek, contemporary design. The modular structure allows for endless configurations, which was a huge plus for my small Hallandale apartment. I opted for the charcoal gray fabric with a subtle geometric pattern—a choice that complements my minimalist yet cozy living space. The sofa’s clean lines and neutral tone blend well with both modern art pieces and the natural wood accents common in Florida homes. What I love is how it doesn’t overwhelm the room; instead, it feels like a seamless extension of the space.  

**Quality and Materials:**  
One of the first things I noticed was the build quality. The frame is made of reinforced aluminum, which feels incredibly sturdy, and the upholstery is a thick, high-density foam covered in a durable, stain-resistant fabric. Given Florida’s humidity, I was initially concerned about wear and tear, but after three months of use (including a pet-friendly household with a curious cat), the fabric shows no signs of pilling or fading. The stitching is tight, and the corners are reinforced, which speaks volumes about the manufacturer’s attention to detail.  

**Comfort and Functionality:**  
As someone who spends a lot of time lounging with books or streaming shows, comfort is key. The UrbanNest delivers here. The cushions are plush yet supportive, with a slight recline feature that’s perfect for reading or napping. The modular design also means I can easily expand the seating area when hosting friends for game nights or movie marathons. Additionally, the built-in storage compartments (which I didn’t realize were there until after assembly) are a game-changer. I use them to stash blankets and board games, keeping the space tidy without sacrificing style.  

**Assembly Experience:**  
The assembly process took about 3 hours with two people, which was manageable thanks to clear instructions and pre-drilled holes. However, I did encounter a minor hiccup: one of the connectors was slightly misaligned in the packaging, requiring a bit of extra effort to fix. While not a dealbreaker, it’s something the company might want to address in future shipments. That said, the final product far outweighs this small inconvenience.  

**Value for Money:**  
Priced at $1,200, the UrbanNest is on the higher end for modular furniture, but I feel it’s justified by its durability and versatility. Compared to cheaper alternatives I’ve considered, this piece offers superior materials and a design that adapts to my changing needs. For someone in Hallandale who values both aesthetics and functionality, it’s a worthwhile investment.  

**A Minor Drawback:**  
The only real downside is the color options. While the charcoal gray is stunning, I wish there were more neutral or earthy tones to choose from. Since I’m partial to warmer hues in my decor, this limited palette made me wish I’d researched more before buying.  

**Final Thoughts:**  
Overall, the UrbanNest has become a cornerstone of my living room. It’s comfortable, durable, and stylish—perfect for my lifestyle in Hallandale. While the price and color options are slight drawbacks, they don’t detract from the product’s overall quality. I’d recommend it to anyone looking for a modern, adaptable sofa that can withstand daily use. Four stars because it’s excellent, but not flawless. Still, I’m thrilled with my purchase and can’t imagine going back to a less thoughtful piece.  

**Rating: 4/5**  
*Jorge, Hallandale, FL*","Okay, I need to write a detailed 4-star review for the UrbanNest product from Jorge in Hallandale, FL. Let me start by understanding the requirements. Jorge is 45, recently bought UrbanNest, and the review should be detailed. The style needs to be thorough, so I should include specific details about the product, his experience, and maybe some personal touches.

First, I should structure the review. Typically, a product review includes an introduction, details about the product, pros and cons, and a conclusion. Since it's a 4-star rating, there should be some positive aspects but also a minor drawback.

Jorge is from Hallandale, FL. Maybe I can mention the local area or how the product suits his lifestyle there. Since he's 45, perhaps he's looking for something practical or stylish for his home. UrbanNest might be a home decor or furniture product. I should check if UrbanNest is a real product, but since I can't, I'll assume it's a fictional product. Maybe it's a modular sofa or a storage solution? Let's go with a modular sofa as it's common and allows for detailed description.

In the introduction, Jorge should mention when he bought it and his initial impressions. Then, in the details, talk about the design, materials, ease of assembly, comfort, durability. For the pros, maybe the style, comfort, functionality. The con could be something like the price being a bit high or maybe the color options are limited. Since it's 4 stars, the con shouldn't be too severe.

Also, make sure the review is personal. Use first-person perspective. Maybe mention how it fits into his daily life in Hallandale. Maybe he has a family or pets, which could be a plus if the product is durable. Or if he's into urban living, the product's name ""UrbanNest"" suggests it's modern and space-efficient.

Need to ensure the review is detailed. Specifics about the materials (like high-quality fabric, sturdy frame), the assembly process (how long it took, if instructions were clear), comfort (cushioning, support), and how it meets his needs. Also, maybe compare it to other products he's used before.

Possible structure:

1. Introduction: Purchase date, initial reaction.
2. Design and Aesthetics: How it looks in his home, matches his decor.
3. Quality and Materials: Durable, well-made.
4. Comfort: How it feels to use, suitable for his needs.
5. Assembly: Ease of putting together, any challenges.
6. Value for Money: Priced a bit high but worth it.
7. Conclusion: Overall satisfaction, would recommend.

Make sure to keep the tone genuine. Avoid overly technical terms but still detailed. Maybe mention specific features like modularity allowing rearrangement, storage options if applicable, or any unique design elements.

Check for any local references. Hallandale is in Florida, so maybe he mentions the climate (like how the fabric holds up in humidity) or if it's suitable for a beach house or apartment.

Also, since it's a 4-star review, the con should be mentioned but not overly negative. Maybe the color he chose wasn't exactly as expected, or the delivery took a bit longer than expected.

Let me start drafting the review with these points in mind. Use specific examples and personal anecdotes to make it detailed. Ensure the flow is logical and each paragraph transitions smoothly."
Clothing,Men's Clothing,50-65,"{'age': 22, 'bachelors_field': 'no degree', 'birth_date': '2003-04-24', 'city': 'Madison', 'country': 'USA', 'county': 'Dane County', 'education_level': 'some_college', 'email_address': 'charles.rawlins@gmail.com', 'ethnic_background': 'white', 'first_name': 'Charles', 'last_name': 'Rawlins', 'locale': 'en_US', 'marital_status': 'never_married', 'middle_name': 'Robert', 'occupation': 'probation_officer_or_correctional_treatment_specialist', 'phone_number': '608-621-0962', 'sex': 'Male', 'ssn': '399-98-5129', 'state': 'WI', 'street_name': 'Diplomacy Dr', 'street_number': 60, 'unit': '', 'uuid': '7445efd6-ee63-407c-bb8a-0c79541b0436', 'zipcode': '53726'}",5,detailed,Heritage Threads,"Okay, the user wants a creative product name for men's clothing targeting 50-65-year-olds. Let me think about what that age group might value. They probably look for comfort, style that's timeless, maybe something that reflects their experience or status.

Words like ""Heritage,"" ""Legacy,"" ""Timeless,"" ""Classic,"" or ""Vintage"" could resonate. Maybe something that suggests confidence or sophistication. Also, considering the product is clothing, terms related to fabric or fit might be good. Words like ""Crafted,"" ""Tailored,"" ""Elegance,"" ""Heritage,"" ""Modern,"" ""Heritage.""

Combining these elements. Maybe ""Heritage"" paired with something else. ""Heritage Threads"" sounds good. Or ""Timeless Craft."" Wait, ""Timeless"" is a strong word. ""Timeless Men's Wear""? But maybe too generic. ""Heritage"" adds a sense of history and quality. ""Heritage"" and ""Craft"" together? ""Heritage Craft Co."" Hmm. Or ""Legacy Loungewear""? Loungewear is comfortable, which might appeal to that age group. 

Another angle: ""Vintage"" but maybe not too old-fashioned. ""Vintage Modern"" could work. ""Vintage Modern Menswear."" But the user wants a product name, not a brand. Maybe ""Elegance Reimagined"" for a line of clothing. Or ""Classic Revival."" 

Wait, the product name should be specific. Maybe ""Heritage Denim"" if it's denim clothing. Or ""Timeless Suits."" But the user didn't specify the type of clothing. Since it's men's clothing in general, maybe a more versatile name. ""Heritage Threads"" could apply to various items. ""Legacy Lounge"" as a product line. 

Alternatively, ""Silver Threads"" since 50-65 might be associated with silver hair or experience. ""Silver Threads Menswear."" That's catchy. Or ""Timeless Threads."" 

Another thought: ""The Modern Gentleman"" but that's a bit long. ""Gentleman's Collection"" maybe. 

I think ""Heritage Threads"" is strong. It conveys quality, tradition, and timeless style. It's concise and fits the target demographic. Let me check if there are any existing brands with that name. Not sure, but assuming it's available. Alternatively, ""Legacy Threads"" could work too. But ""Heritage"" might have a better ring for that age group. Yeah, ""Heritage Threads"" seems good.","**Review Title: A Masterpiece of Craftsmanship and Heritage – 5 Stars!**  

As a 22-year-old from Madison, WI, I’m always on the lookout for products that blend quality, creativity, and a story behind them. When I discovered Heritage Threads, I knew it was something special. Purchased online for a DIY home decor project, this product exceeded every expectation I had—and then some. Let me share why this 5-star rating is entirely warranted.  

**What is Heritage Threads?**  
Heritage Threads isn’t just a product; it’s an experience. The name alone hints at its roots in traditional craftsmanship, and that’s exactly what I found. The threads are made from 100% organic cotton, dyed using eco-friendly methods that preserve vibrant, long-lasting colors. What stood out immediately was the attention to detail in the design—each thread set features intricate patterns inspired by historical textiles, from Victorian-era florals to Native American geometric motifs. It felt like unwrapping a piece of history, and that authenticity is rare these days.  

**Quality That Speaks Volumes**  
From the moment I unboxed Heritage Threads, I knew I was dealing with excellence. The packaging was both eco-conscious (recycled materials) and elegant, reflecting the brand’s commitment to sustainability. The threads themselves are of exceptional quality: smooth, durable, and incredibly soft to the touch. Unlike cheaper alternatives I’ve tried, these threads don’t fray or pill, even after multiple washes. I used them to create a throw blanket for my apartment, and after six months of regular use, the colors remain as bold as the day I dyed them. The blend of traditional techniques with modern materials is a testament to the brand’s dedication to both heritage and innovation.  

**A Personal Touch That Resonated**  
As someone who values sustainability and supporting ethical brands, Heritage Threads aligned perfectly with my values. I reached out to the company with a question about the sourcing of their materials, and their customer service team responded promptly with detailed information about their partnerships with local artisans in the Pacific Northwest. Knowing that my purchase supported fair trade practices and preserved traditional weaving methods added a layer of meaning to my project. It’s rare to find a product that combines such social responsibility with tangible quality.  

**Versatility and Creativity Unleashed**  
What truly sets Heritage Threads apart is its versatility. Whether you’re a seasoned crafter or a beginner like myself, these threads are a joy to work with. The weight and texture make them ideal for knitting, sewing, or even embroidery. I experimented with combining different patterns for a patchwork effect, and the results were stunning. The threads hold stitches beautifully, and the colorfastness means I don’t have to worry about fading when displaying my creations. Plus, the variety of designs allowed me to tailor the look to my modern, minimalist aesthetic while still honoring the product’s heritage roots.  

**Final Thoughts**  
Heritage Threads is more than just a purchase—it’s an investment in quality, culture, and sustainability. As a Madison native, I appreciate supporting brands that prioritize both environmental responsibility and artisanal craftsmanship. This product has not only enhanced my living space but also connected me to a larger story of tradition and care. If you’re looking for a product that delivers on its promise of heritage and excellence, look no further. I can’t recommend Heritage Threads enough—it’s worth every penny.  

**Rating: ⭐️⭐️⭐️⭐️⭐️**  
— Charles, Madison, WI","Okay, I need to write a detailed 5-star review for Heritage Threads from Charles, a 22-year-old from Madison, WI. Let me start by thinking about what aspects of the product would make a detailed review. Since it's a product called Heritage Threads, maybe it's related to textiles, like fabric or yarn? Or perhaps it's a clothing brand? The name suggests something traditional or artisanal.

Charles is 22, so he might appreciate quality, craftsmanship, or unique design. Since he's from Madison, maybe he values local products or sustainability? I should include personal experience details to make the review authentic. 

The review needs to be detailed, so I should cover multiple aspects: product quality, design, durability, customer service, maybe even how it fits into his lifestyle. Let me structure it with an introduction, then specific details about the product, personal experience, and a conclusion.

Start with the purchase context. Maybe he bought it for a specific purpose, like a project, gift, or personal use. Since it's Heritage Threads, perhaps it's used for sewing, knitting, or home decor? Let's assume it's a fabric or thread product. 

He gave 5 stars, so the review should be very positive. Highlight aspects like material quality, attention to detail, maybe the heritage aspect—like traditional methods or materials. 

Include specific examples: colors, patterns, how it felt when using it. Maybe he used it for a project, like making a garment or decor item. Mention how it met or exceeded his expectations. 

Also, consider the unboxing experience, packaging, if applicable. Customer service if there was any interaction. 

Avoid being too generic. Use descriptive language. Maybe mention the heritage aspect—like the product has a story or is made with traditional techniques. 

Check for any possible negatives, but since it's 5 stars, focus on positives. Maybe he compared it to other products and found it superior. 

Make sure to include his location (Madison, WI) in a natural way, maybe mentioning local delivery or how the product suits his area. 

Also, his age—22—could relate to being a student, young professional, or someone into creative hobbies. Tailor the review to that demographic. 

Possible structure:

1. Introduction: How he came across the product, why he bought it.
2. Product details: What Heritage Threads is, materials, design.
3. Personal experience: How he used it, quality, durability, appearance.
4. Additional positives: Customer service, packaging, uniqueness.
5. Conclusion: Recommendation, overall satisfaction.

Need to make sure each section is detailed with specific examples. Avoid vague statements. Use adjectives and specific scenarios. 

Possible details: The threads are made from organic cotton, vibrant colors that don't fade, intricate patterns inspired by traditional designs, smooth texture, easy to work with, perfect for his project. Maybe he made a quilt or a dress. 

Also, maybe the heritage aspect is that it's made by artisans or follows traditional methods. That adds value. 

Customer service: If he had any questions, the support was helpful. 

Packaging: Eco-friendly or well-designed packaging. 

In Madison, WI, maybe he appreciates local businesses or sustainable products. If Heritage Threads is a local company, that's a plus. 

Make sure the review flows naturally and sounds genuine. Use a friendly, enthusiastic tone since it's a 5-star review."
Electronics,Headphones,35-50,"{'age': 37, 'bachelors_field': 'no degree', 'birth_date': '1988-06-21', 'city': 'Caledonia', 'country': 'USA', 'county': 'Marion County', 'education_level': 'associates', 'email_address': 'marilync87@icloud.com', 'ethnic_background': 'white', 'first_name': 'Marilyn', 'last_name': 'Creamer', 'locale': 'en_US', 'marital_status': 'married_present', 'middle_name': 'Eden', 'occupation': 'insurance_sales_agent', 'phone_number': '380-513-7496', 'sex': 'Female', 'ssn': '275-32-3585', 'state': 'OH', 'street_name': 'N Pennsylvania Ave', 'street_number': 1402, 'unit': '', 'uuid': 'e47a6c6e-0b49-4d52-a361-d37146f71b8e', 'zipcode': '43314'}",3,detailed,PureWave,"Okay, the user wants a creative product name for headphones targeting 35-50-year-olds. Let me think about what that age group values. They might prioritize quality, durability, maybe style. Also, considering they're in their mid-career, perhaps they need something reliable for work or commuting.

Electronics and headphones—so maybe terms related to sound, technology, or comfort. Words like ""echo,"" ""soundwave,"" ""aura,"" ""legacy,"" ""focus,"" ""zen."" Maybe combine tech terms with something that appeals to their age. 

Avoid trendy terms that might be too youthful. Maybe something that conveys clarity, power, or timelessness. ""Echo"" could work, but maybe ""EchoCore""? Or ""SoundSphere""? Wait, ""SoundSphere"" sounds a bit too broad. 

What about ""AuraHead""? Aura suggests a presence or quality. Or ""LegacySound""? Legacy implies something lasting, which fits the age group. ""FocusHeadphones""? Maybe too specific. 

Another angle: comfort and long-term use. ""ComfortCore"" or ""EndureAudio""? ""Endure"" suggests durability. ""ZenithHeadphones""? Zenith implies the peak, which could appeal to someone looking for the best. 

Or combine tech with a touch of sophistication. ""NeuroHear""? Maybe too technical. ""PureWave""? Clean and clear sound. ""PureWave"" sounds good. 

Wait, the user said no quotes and just the name. Let me check if ""PureWave"" is available. Maybe ""PureWave"" is a good fit. It's simple, conveys clear sound, and is not too trendy. Alternatively, ""EchoPrime""? Prime suggests top quality. 

Or ""VitalSound""? Vital implies essential or strong. ""VitalSound"" could work. Another option: ""ApexAudio""? Apex is a strong term. 

But maybe something that's a bit more unique. ""SoundForge""? Like forging a sound experience. ""SoundForge"" might be good. 

Alternatively, ""EchoNest""? No, that's a real product. ""SoundCraft""? Craft implies skill. ""SoundCraft"" could be another option. 

Wait, the target is 35-50. They might appreciate something that's reliable and has a good reputation. ""LegacySound"" or ""HeritageHeadphones""? Maybe too long. 

How about ""SoundSphere Pro""? Pro adds a premium feel. But maybe too long. 

Alternatively, ""ClarityCore""? Emphasizes clear sound. ""ClarityCore"" sounds good. 

Or ""SoundPulse""? Pulse gives a sense of energy. 

I think ""PureWave"" is a strong contender. It's concise, suggests high-quality sound, and isn't too trendy. Alternatively, ""EchoPrime"" or ""ClarityCore."" Let me go with ""PureWave"" as the product name.","**Title: PureWave – A Mixed Experience**  

As a 37-year-old resident of Caledonia, OH, I recently purchased the PureWave water purifier with high hopes. Having heard rave reviews about its ability to remove contaminants and improve water quality, I was eager to see if it lived up to the hype. Unfortunately, my experience with PureWave has been a bit of a rollercoaster, earning it a 3-star rating.  

**The Good:**  
From the moment I received PureWave, I was impressed by its sleek, modern design. The compact size fits well in my kitchen, and the installation process was straightforward, which was a plus. The customer service team was also responsive when I had a question about the setup— they provided clear instructions and even sent a replacement filter at no cost when mine arrived damaged. This initial support was a nice touch and made me feel valued as a customer.  

**The Not-So-Good:**  
However, the product’s performance has been inconsistent. While it does filter out chlorine and some heavy metals, I’ve noticed that it doesn’t seem to effectively remove certain minerals or sediments that I was hoping it would. For instance, after using it for a few weeks, my water still has a slight metallic taste, which wasn’t an issue with my previous filter. Additionally, the filter lifespan is shorter than advertised. I replaced it after just three months, whereas the packaging claimed it would last six. This has added to the cost, as I’ve had to purchase replacements more frequently than expected.  

Another downside is the noise level. When the purifier is running, it emits a low hum that’s noticeable in my quiet kitchen. While not overly loud, it’s enough to be distracting, especially during early mornings or late nights.  

**The Verdict:**  
PureWave isn’t a terrible product, but it falls short of expectations in key areas. It’s functional and has some positive aspects, like the helpful customer service, but the inconsistent filtration and higher-than-expected maintenance costs are drawbacks. For someone in Caledonia, OH, where water quality can vary, I was hoping for a more reliable solution.  

If you’re considering PureWave, I’d recommend it if you’re looking for a budget-friendly option with decent basic filtration. However, if you’re seeking a more comprehensive or long-lasting solution, I’d suggest exploring other brands. Three stars—it’s okay, but not exceptional.","Okay, I need to write a detailed 3-star review for PureWave from Marilyn in Caledonia, OH. Let me start by understanding the requirements. The user wants a detailed review, so I should include specific aspects of the product. Since it's a 3-star rating, the review should have both positive and negative elements, but overall balanced.

First, I should establish Marilyn's background: 37 years old, from Caledonia, OH. Maybe mention her age and location in the review to add authenticity. She recently purchased PureWave, so the review should reflect her experience since the purchase.

The product is called PureWave. I need to think about what kind of product that could be. Since it's not specified, maybe it's a health or wellness product, like a supplement or a device. Alternatively, it could be a household item. Since the name ""PureWave"" suggests something related to waves or water, maybe it's a water purifier, a sound therapy device, or a fitness product. But without more info, I'll have to make some assumptions. Let's go with a water purifier, as that's a common product that could have mixed reviews.

Now, the review needs to be detailed. That means specific details about the product's features, how it was used, any issues encountered, and the overall experience. For a 3-star rating, the user might have had some positive aspects but also some drawbacks.

Possible positive points: Maybe the product works as intended in some ways, or the packaging was good, or customer service was helpful. Negative points could be issues with durability, effectiveness, ease of use, or customer service.

Since it's a detailed review, I should structure it with an introduction, body paragraphs discussing different aspects, and a conclusion. The tone should be genuine, as if Marilyn is sharing her honest experience.

Let me outline the review:

1. Introduction: Mention the purchase, how she found the product, initial expectations.
2. Positive aspects: Maybe the product's design, initial performance, or customer service.
3. Negative aspects: Issues with effectiveness, durability, or other problems.
4. Conclusion: Overall opinion, whether she would recommend it or not.

For example, if it's a water purifier, maybe it's good at filtering certain contaminants but not others. Or maybe it's easy to install but the filter needs frequent replacement, which is costly.

Alternatively, if it's a sound therapy device, maybe the sound quality is good but the app is glitchy.

Since the user didn't specify the product type, I need to make it generic enough but still specific in details. Let me choose a water purifier as it's a common product with potential for mixed reviews.

Now, considering the 3-star rating, the review should not be overly negative or positive. So, maybe the product works okay but has some flaws. For instance, it's effective at removing certain impurities but not others, or the customer service was responsive but the product had a defect.

Also, including specific details like the time since purchase, how often she used it, any comparisons to other products, etc., would add detail.

Let me start drafting the review with these points in mind. Make sure to mention Caledonia, OH, and her age. Maybe she's a local resident, so she might have specific needs or experiences related to that area.

Check for the style: detailed, so each paragraph should have specific information. Avoid vague statements. Use specific examples.

Potential structure:

- Introduction: Bought PureWave a few weeks ago, expected it to be a good product based on reviews.
- Positive: The design is sleek, easy to install, customer service was helpful when she had an initial question.
- Negative: The filter doesn't last as long as advertised, the water taste isn't as improved as expected, or maybe it's too expensive for the results.
- Conclusion: 3 stars because it's okay but not great, would consider other options next time.

Make sure to keep the language natural, as a real customer would write. Avoid overly technical terms unless necessary. Use personal anecdotes or specific instances.

Also, check for any possible errors in the review. Ensure that the 3-star rating is justified by the content. The review should not be biased but honest.

Another angle: Maybe the product works well for some uses but not others. For example, if it's a water purifier, maybe it's good for removing chlorine but not heavy metals. Or if it's a fitness product, maybe it's good for tracking workouts but the app is not user-friendly.

Alternatively, if it's a skincare product, maybe it's effective but causes irritation.

But since the product name is PureWave, I'll stick with a water-related product. Let's go with a water purifier.

Now, writing the review with these elements. Make sure to mention Caledonia, OH, and her age. Maybe she's a busy person, so the ease of use is important, but the product didn't meet her expectations.

Also, think about the length. A detailed review should be several paragraphs, not too short. Each paragraph should cover a specific aspect.

Alright, time to put it all together."
Electronics,Smartphones,65+,"{'age': 26, 'bachelors_field': 'no degree', 'birth_date': '1999-06-02', 'city': 'Mililani', 'country': 'USA', 'county': 'Honolulu County', 'education_level': 'high_school', 'email_address': 'evgeni.tran@yahoo.com', 'ethnic_background': 'southeast asian', 'first_name': 'Evgeni', 'last_name': 'Tran', 'locale': 'en_US', 'marital_status': 'never_married', 'middle_name': 'Nguyen', 'occupation': 'assembler_or_fabricator', 'phone_number': '808-885-8262', 'sex': 'Male', 'ssn': '575-61-7038', 'state': 'HI', 'street_name': 'Liona St', 'street_number': 756, 'unit': '', 'uuid': 'c8040e90-e9c1-4ad3-bef6-7cd4e859d574', 'zipcode': '96789'}",2,structured with bullet points,GoldenCompanion,"Okay, the user wants a creative product name for a smartphone aimed at customers 65+. Let me think about what features are important for that age group. They might prioritize ease of use, reliability, maybe larger screens or simpler interfaces. Words like ""Ease,"" ""Simple,"" ""Clear,"" ""Trust,"" ""Golden,"" ""Senior,"" ""Comfort"" could be relevant.

I should avoid tech jargon. Maybe combine a positive word with ""Phone"" or ""Mate."" Let me brainstorm some combinations. ""GoldenCompanion"" sounds friendly and suggests reliability. ""SeniorSmart"" is straightforward but maybe too direct. ""EaseLink"" emphasizes ease of use. ""ClearView"" could highlight a good display. ""TrustPhone"" focuses on reliability. ""ComfortCall"" might be good for communication. ""GoldenEra"" gives a sense of quality and experience. ""SeniorSync"" suggests easy synchronization. ""SimpleSpark"" combines simplicity with a spark of technology. ""ElderLink"" is another option, but maybe ""GoldenCompanion"" is better. Let me check if any of these are already common names. ""GoldenCompanion"" seems unique and appealing. It conveys warmth and reliability, which are key for older adults. I'll go with that.","- **Name, Location, Age, Product, and Rating**: I’m Evgeni, a 26-year-old from Mililani, HI. I purchased the GoldenCompanion and gave it a 2-star rating due to significant disappointments.  
- **Unmet Expectations**: The product was advertised as a reliable companion for daily use, but it failed to perform basic functions as described in the marketing materials.  
- **Poor Quality**: The materials felt cheap and flimsy, and the device broke within a week of use, which is unacceptable for the price point.  
- **Lack of Support**: When I reached out to customer service with my concerns, I received no response for over a week, and the eventual reply was unhelpful and generic.  
- **Not Worth the Investment**: For the cost, I expected better durability and functionality. I regret spending money on this product and would not recommend it to others.","Okay, let's tackle this query. The user wants a product review from Evgeni, a 26-year-old in Mililani, HI, who bought GoldenCompanion and gave it 2 stars. The review needs to be in bullet points.

First, I need to make sure I understand all the requirements. The customer's name, location, age, product name, rating, and the structure are all specified. The key here is to create a structured review with bullet points that clearly convey the negative aspects of the product.

Since it's a 2-star review, the points should highlight dissatisfaction. Common issues might include product quality, functionality, customer service, or value for money. I should think of specific complaints that someone might have. For example, maybe the product didn't work as advertised, had durability issues, or poor customer support.

Also, considering the location is Mililani, HI, maybe there's a local aspect, but since the product is GoldenCompanion, it's probably not location-specific. So focus on general product issues.

The user's name is Evgeni, so the review should be in first person. Each bullet point should be concise but informative. Need to avoid being too vague. Specific examples would make the review more credible.

Possible points could be:

- Product didn't meet expectations
- Poor quality materials
- Issues with functionality
- Bad customer service
- Not worth the price

Also, since it's a companion product, maybe it was supposed to be a helpful device or tool, but failed in that role. Maybe it broke quickly, didn't perform as expected, or had connectivity issues if it's electronic.

Another angle could be the packaging or delivery experience, but since the rating is 2 stars, the main issues are likely with the product itself.

Need to ensure each bullet point is a separate concern. Maybe start with the overall experience, then specific features, then support. Also, mention the location if relevant, but since it's a product review, location might not be necessary unless there's a local issue.

Check for clarity and that each point is a separate bullet. Avoid repetition. Make sure the tone is honest and reflects genuine dissatisfaction. Also, since it's a structured review, using bullet points effectively is key.

Possible structure:

- Overall disappointment with the product
- Specific feature that didn't work
- Quality issues
- Customer service experience
- Value for money

Each of these can be a bullet point with a brief explanation. Need to make sure it's clear and to the point. Also, the name and details should be included at the beginning or end of the review as per standard review formats.

Wait, the user didn't specify where to put the name and details. Typically, reviews start with the name, location, rating, then the body. But since the instructions say to write the review with bullet points, maybe the name and details are in the heading or at the top. However, the example response might just have the bullet points with the name mentioned in the first bullet or as a heading.

But the user's example response (if any) isn't provided, so I need to infer. Since the user says ""write a review of this product, which you gave a rating of 2 stars. The style of the review should be 'structured with bullet points'"", the bullet points should contain the review content, possibly including the name and rating in the first bullet or as a heading.

Alternatively, the bullet points are the body of the review, and the name, location, age, product, and rating are mentioned at the start. But since the user wants the review in bullet points, maybe all info is within the bullets. For example:

- Name: Evgeni from Mililani, HI
- Age: 26
- Product: GoldenCompanion
- Rating: 2 stars
- Then the actual review points.

But that might not be standard. Usually, reviews have a heading with name, location, rating, then the body. However, since the user wants bullet points, perhaps the entire review is in bullets, including the intro. Alternatively, the bullet points are the review content, and the name, etc., are in the first bullet.

Alternatively, the user might expect the review to start with the name, location, etc., in a bullet point, followed by the critique. Let me check the initial query again.

The user says: ""Write a review of this product... structured with bullet points."" So the entire review should be in bullet points. That could mean each bullet is a point in the review. So perhaps:

- Purchased GoldenCompanion as a 26-year-old in Mililani, HI.
- Expected [something] but received [something else].
- etc.

But that might be a bit awkward. Alternatively, the first bullet could be the name, location, age, product, rating, and then subsequent bullets are the review points. However, that might not be standard. Maybe the user just wants the review content in bullet points, with the name and details mentioned at the beginning or end.

Alternatively, the bullet points are the review itself, and the name, etc., are part of the first bullet. For example:

- Evgeni, a 26-year-old from Mililani, HI, purchased the GoldenCompanion and gave it 2 stars because...

But that might be too long for a bullet point. Alternatively, separate bullets for each detail. But that's not typical. Maybe the user just wants the review content in bullets, and the name, etc., are included in the first bullet or as a heading.

Alternatively, the user might not need the name and details in the bullets, but the review should be from that perspective. So the bullets are the critique, and the name is just part of the context. But the user's instruction says ""Write a review... which you gave a rating of 2 stars."" So the review should be from Evgeni's perspective, including their details.

Hmm. To comply with the user's request, the review should be structured in bullet points, and include the necessary details (name, location, age, product, rating). So perhaps the first bullet is the intro with all those details, then the rest are the review points. For example:

- Name: Evgeni, Age: 26, Location: Mililani, HI. Purchased GoldenCompanion and gave it 2 stars.
- The product did not meet my expectations...
- ...
- Customer service was unresponsive...

That way, all required info is in the first bullet, and the rest are the review points. Alternatively, each detail could be a separate bullet, but that might not be necessary. The key is to have the review in bullet points, including the necessary info.

Another consideration: the product is called GoldenCompanion. What kind of product is that? Since it's called a companion, maybe it's a device, a service, or a physical product meant to assist or accompany. Without more info, I'll assume it's a physical product, maybe a gadget or a service. The review points should reflect that.

Possible issues: didn't work as a companion, broke easily, poor support, not useful, etc.

So, structuring the bullet points:

1. Introduction with name, location, age, product, rating.
2. Product didn't function as advertised.
3. Poor quality or durability issues.
4. Customer service was unhelpful.
5. Not worth the price.

Each bullet should be a concise statement. Need to make sure it's clear and specific. Also, since it's a 2-star review, the points should be negative but not overly harsh, just factual.

Another angle: maybe the product arrived damaged, or had missing parts. Or it required complicated setup that didn't work. Or it's not compatible with other devices.

Alternatively, if it's a service, maybe it didn't provide the expected benefits.

In any case, the bullets need to be specific enough to show why the rating is 2 stars. Avoid vague statements like ""not good"" and instead give concrete reasons.

So, putting it all together, the review would start with the basic info in a bullet, then each subsequent bullet addresses a specific issue. That should meet the user's requirements."
Home & Kitchen,Furniture,25-35,"{'age': 54, 'bachelors_field': 'no degree', 'birth_date': '1971-07-18', 'city': 'Jewett City', 'country': 'USA', 'county': 'Windham County', 'education_level': 'associates', 'email_address': 'mspearman1971@icloud.com', 'ethnic_background': 'white', 'first_name': 'Morganne', 'last_name': 'Spearman', 'locale': 'en_US', 'marital_status': 'married_present', 'middle_name': 'Ellen', 'occupation': 'secretary_or_administrative_assistant', 'phone_number': '581-452-4609', 'sex': 'Female', 'ssn': '046-79-6045', 'state': 'CT', 'street_name': 'Summit Ave', 'street_number': 106, 'unit': '4', 'uuid': 'c505a193-d62c-4950-802c-d5b9ddcdd793', 'zipcode': '06351'}",3,structured with bullet points,UrbanNest,"Okay, the user wants a creative product name for a Home & Kitchen furniture item targeting 25-35-year-olds. Let me think about what that demographic values. They might prioritize style, functionality, maybe sustainability. Words like modern, minimalist, versatile could be good.

Furniture for that age group might include things like compact sofas, modular shelves, maybe a coffee table with a unique design. The name should be catchy and reflect those attributes. Maybe combine a trendy term with a furniture element. Words like ""Nest,"" ""Haven,"" ""Loft,"" ""Crate,"" ""Pod"" come to mind.

Let me brainstorm some combinations. ""UrbanNest"" sounds modern and suggests a place to live or relax. ""ModernCrate"" implies something contemporary and maybe multifunctional. ""LoftHaven"" gives a sense of a spacious, stylish space. ""SleekPod"" is trendy and suggests compactness. ""EcoLoft"" could appeal to eco-conscious buyers. ""ModularCove"" suggests adaptability. ""VibeCrate"" is catchy and implies a vibe or atmosphere. ""ZenithSeat"" might be too specific for a seat. ""FusionFrame"" could work for a unique design. ""PulseTable"" suggests something dynamic. ""UrbanLoft"" is straightforward but maybe too generic. ""NestCrate"" combines two ideas. ""HavenPod"" is another option. ""CrateHaven"" is similar. ""LoftCrate"" is also possible. 

I should pick the most fitting one. ""UrbanNest"" seems strong. It's modern, implies a homey feel, and targets urban dwellers in the age group. Let me check if there are any existing products with that name. Maybe not, so it's unique. Alternatively, ""ModernCrate"" is also good. But ""UrbanNest"" might be more appealing. I'll go with UrbanNest.","**Review of UrbanNest (3 Stars)**  
- **Modern Design**: The UrbanNest has a sleek, contemporary look that complements my home in Jewett City, CT. It fits well with my existing decor.  
- **Easy Initial Setup**: Assembling the product was straightforward, and I didn’t need any special tools, which was a plus.  
- **Comfortable for Daily Use**: As a 54-year-old, I appreciate the comfort it provides, especially for lounging or reading.  
- **Durability Concerns**: After a few months of use, I noticed some wear on the materials, which makes me question its long-term quality.  
- **Customer Service Experience**: When I had an issue with a small defect, the support team was helpful but not overly proactive in resolving it.  
- **Value for Money**: While not the cheapest option, I feel it’s reasonably priced for what it offers, though I expected more durability.","Okay, let's tackle this query. The user wants a 3-star review from Morganne, a 54-year-old from Jewett City, CT, who bought UrbanNest. The review needs to be in bullet points.

First, I need to make sure the structure is correct. Bullet points are key here. Each point should be a separate aspect of the product. Since it's a 3-star review, the feedback should be balanced—some positives and some negatives.

Morganne is 54, so maybe she values durability or ease of use. She's from Jewett City, which is a smaller town, so maybe she's looking for something reliable. The product is UrbanNest, which I assume is a home or lifestyle product. Maybe a piece of furniture or a smart device? The name suggests something modern or urban.

The review should start with a positive note. Maybe the design is good. Then some pros and cons. Since it's 3 stars, the negatives should be significant enough to bring it down from 5. Maybe issues with durability, assembly, or customer service.

Also, need to include her location in the review? Maybe not necessary unless relevant. The key is to make it personal. She should mention her experience as a 54-year-old. Perhaps she found it a bit complicated to set up, or it didn't last as long as expected.

Check for the bullet points: each should be a concise point. Avoid long sentences. Maybe start with the positive aspects, then the negatives. Ensure the rating is clear. Also, the tone should be honest and genuine, as a real customer would.

Possible points: 

- Design is modern and fits her home.
- Easy to assemble (or not? If 3 stars, maybe assembly was okay but not great).
- Maybe the product didn't meet expectations in some way.
- Customer service was average or could be better.
- Durability issues after some time.

Need to make sure each bullet is a separate point. Also, the review should flow well. Avoid repetition. Make sure it's clear why it's 3 stars. Maybe the product is okay but not exceptional. 

Also, check for any specific features of UrbanNest that could be mentioned. Since I don't have specific info, keep it general. Maybe it's a furniture item, like a sofa or a bed. Or a tech product. But since it's called UrbanNest, perhaps a home decor item.

Another thought: 54-year-old might appreciate comfort or functionality. If the product is uncomfortable or not functional, that's a con. 

So, structuring the bullets:

- Positive: Design or appearance.
- Positive: Maybe initial satisfaction.
- Negative: Durability or quality issues.
- Negative: Customer service or support.
- Negative: Maybe not as expected in terms of features.

Alternatively, maybe the product is good but has some flaws. The key is to balance it to 3 stars. Avoid making it too negative, since 3 is middle. 

Also, the user might want the review to be specific. So Morganne should mention her personal experience. Maybe she bought it for her home, and it's okay but not great. 

Need to make sure the location is mentioned? The query says ""from Jewett City, CT"" so maybe include that in the review. Like ""As a resident of Jewett City, CT..."" but not sure if necessary. The review is from her perspective, so maybe just mention it in the introduction or as part of her context.

Okay, putting it all together. Start with a title or just the rating. The user didn't specify a title, so maybe just the rating. Then bullet points. Each bullet should be a separate point. Make sure it's clear and concise."
Books,Classics,50-65,"{'age': 58, 'bachelors_field': 'stem', 'birth_date': '1967-04-27', 'city': 'Saint Augustine', 'country': 'USA', 'county': 'St. Johns County', 'education_level': 'bachelors', 'email_address': 'marys52@gmx.com', 'ethnic_background': 'white', 'first_name': 'Mary', 'last_name': 'Slaman', 'locale': 'en_US', 'marital_status': 'married_present', 'middle_name': 'A', 'occupation': 'retail_salesperson', 'phone_number': '386-261-7128', 'sex': 'Female', 'ssn': '262-07-0754', 'state': 'FL', 'street_name': 'Ocean Dr', 'street_number': 21, 'unit': '', 'uuid': 'c4fd008e-1b5a-4e60-bceb-f5bcb717581d', 'zipcode': '32086'}",2,detailed,Heritage Reads,"Okay, the user wants a creative product name for a Classics book targeted at 50-65-year-olds. Let me think about what that age group might value. They might appreciate timeless themes, maybe something that evokes nostalgia or wisdom. Words like ""timeless,"" ""classic,"" ""heritage,"" or ""legacy"" could be good. Also, maybe something that suggests a journey or discovery.

I should avoid modern slang or trendy terms. Maybe combine a classic reference with a term that appeals to their age. ""Timeless Tales"" is straightforward but maybe too generic. ""Heritage Reads"" sounds good. ""Golden Age Books"" – Golden Age could refer to a period in literature or just a time of life. ""Vintage Voices"" might work, suggesting old stories. ""Legacy Literature"" emphasizes passing down knowledge. ""Eternal Classics"" is another option. Let me check if any of these are already common. ""Heritage Reads"" seems unique and fits the target. Alternatively, ""Timeless Classics"" is direct but maybe not creative enough. ""Golden Age Classics"" could be better. Wait, the user said ""focus on Classics,"" so maybe include that in the name. ""Classic Heritage"" or ""Timeless Classics Collection."" But the user wants a product name, not a collection. Maybe ""Heritage Classics"" or ""Timeless Heritage."" Hmm. ""Vintage Classics"" is another possibility. Or ""Eternal Classics."" I think ""Heritage Reads"" is concise and hits the right notes. Let me go with that.","**Review Title: Disappointing Expectations for Heritage Reads**  

As a 58-year-old resident of Saint Augustine, FL, I was excited to purchase *Heritage Reads* after hearing it advertised as a curated collection of historical and cultural resources tied to local heritage. I had hoped to find materials that would connect me to the rich history of my hometown—stories of early settlers, Indigenous roots, or the unique architecture of St. Augustine. Instead, my experience with this product was underwhelming, and I’m left questioning whether it truly lives up to its name.  

**What I Expected vs. What I Got**  
When I ordered *Heritage Reads*, I assumed it would be a thoughtfully compiled set of books, articles, or digital content focused on the history of Saint Augustine or Florida. The product description mentioned “local stories, family legacies, and cultural insights,” which initially sounded promising. However, upon receiving the product, I found it to be a generic compilation of generic historical texts. The books included were mostly broad, national-level histories of the United States, with little to no specific focus on Florida or Saint Augustine. One book was about 19th-century New England, another about the Civil War in the Midwest—completely unrelated to my location or interests.  

**Quality and Relevance Issues**  
The content felt superficial and poorly curated. For someone like me, who has a deep interest in local history (I’ve spent years researching my family’s ties to St. Augustine), the lack of specificity was frustrating. I expected detailed accounts of the city’s founding, its role in the Spanish colonial era, or even oral histories from local residents. Instead, the materials were repetitive, outdated, and often written in a tone that felt more academic than engaging. The physical books were also of poor quality—thin paper, faded ink, and a lack of proper indexing made them difficult to navigate. If this were a digital product, I’m sure the formatting would have been just as lackluster, though I didn’t have the chance to test that aspect.  

**Customer Service Experience**  
When I reached out to customer service to express my concerns, the response was generic and unhelpful. The representative acknowledged my feedback but offered no solutions or refund options. Given the price I paid, I felt this was a missed opportunity to provide a product that genuinely served its stated purpose. It’s disheartening to see a company market something as “heritage-focused” when it clearly doesn’t deliver on that promise.  

**Comparison to Other Products**  
I’ve purchased similar heritage-related products before—like a local history guide from a specialty bookstore—and they were far more tailored and informative. *Heritage Reads* feels like a one-size-fits-all approach that sacrifices depth for convenience, which is disappointing. For someone with a personal connection to their heritage, this kind of generic content feels hollow.  

**Final Thoughts**  
While I appreciate the intention behind *Heritage Reads*, the execution falls far short of what I needed. A 2-star rating reflects my disappointment. If you’re looking for a product that truly honors your heritage, I’d recommend seeking out local archives, community-led initiatives, or more specialized resources. *Heritage Reads* might work for someone with no specific ties to a region, but for someone like me, it’s a letdown.  

**Rating: 2/5**  
I won’t be purchasing from this brand again, and I urge others to read reviews carefully before making a decision. Heritage should mean something meaningful—not just a marketing buzzword.","Okay, Mary from Saint Augustine, FL, 58 years old, bought Heritage Reads and gave it 2 stars. I need to write a detailed review. Let me start by thinking about what a detailed review entails. It should have specific details about the product, her experience, maybe some comparisons, and personal anecdotes.

First, I should mention why she purchased it. Maybe she was looking for something related to her heritage or family history. Heritage Reads sounds like it could be books or maybe a service. Since it's a product, perhaps it's a collection of books or a digital platform. I need to clarify that in the review. Maybe she expected books about local history or family stories.

Next, the negative aspects. Since it's a 2-star review, there should be clear reasons for dissatisfaction. Maybe the content wasn't as expected, the quality was poor, or there were issues with delivery or customer service. She might have expected more depth or relevance to her heritage.

Specific details: She's from Saint Augustine, so maybe the product didn't cover local history or had irrelevant content. Maybe the books were too generic, or the digital version had technical issues. Or perhaps the product didn't meet the advertised claims.

Also, considering her age, maybe the interface was not user-friendly if it's digital. Or if it's physical books, maybe the binding was bad or the content was not engaging.

She might have compared it to other products she's used before. Maybe she expected a certain standard but found it lacking. Including specific examples would make the review detailed. For instance, if she bought it expecting a book about her ancestors but got something else.

Also, the tone should be personal and genuine. She's a customer, so her frustration or disappointment should come through. Maybe she felt misled by the product description.

I should structure the review with an introduction about her purchase, then the details of the product, the issues encountered, and a conclusion with her overall sentiment. Make sure to mention the 2-star rating and why it's not higher.

Check for any specific features of Heritage Reads that could be critiqued. If it's a subscription service, maybe the content wasn't updated or the value wasn't there. If it's physical books, maybe the selection was poor.

Also, consider her location. Saint Augustine has a rich history, so if the product didn't reflect that, it's a point to mention. Maybe she was expecting local authors or stories but got generic ones.

Need to ensure the review is detailed enough, so adding specific instances, like ""the book I received was about 19th-century New England instead of Florida history,"" or ""the digital platform crashed multiple times when I tried to access the content.""

Also, maybe she had to contact customer service, and their response was inadequate. That could be another point.

Avoid being too vague. Use specific adjectives and examples. Make sure the review flows logically from purchase to experience to conclusion."
Clothing,Winter Coats,35-50,"{'age': 47, 'bachelors_field': 'business', 'birth_date': '1978-09-09', 'city': 'Ponca City', 'country': 'USA', 'county': 'Osage County', 'education_level': 'bachelors', 'email_address': 'laginaj@gmail.com', 'ethnic_background': 'white', 'first_name': 'Jocelyn', 'last_name': 'Lagina', 'locale': 'en_US', 'marital_status': 'married_present', 'middle_name': 'A', 'occupation': 'insurance_sales_agent', 'phone_number': '918-844-0984', 'sex': 'Female', 'ssn': '447-60-0900', 'state': 'OK', 'street_name': '19th St', 'street_number': 17, 'unit': '', 'uuid': 'a88cf288-b235-46e9-8cc4-7d2ca19790ab', 'zipcode': '74604'}",2,brief,Arctic Eclipse Coat,"Okay, the user wants a creative product name for a winter coat aimed at people aged 35-50. Let me start by thinking about what that age group might value. They probably look for both style and practicality. Maybe something that conveys warmth but also a bit of sophistication.

Winter coats... words like ""winter,"" ""coat,"" ""thermal,"" ""insulated"" come to mind. But I need to make it catchy. Maybe combine some elements. Words that suggest durability or timeless style could work. Also, considering the target age, maybe something that implies reliability or classic design.

Let me brainstorm some combinations. ""Arctic"" is a strong word related to cold. ""Eclipse"" might suggest something that covers or protects. ""Arctic Eclipse Coat"" sounds good. It has a nice ring to it, combining the extreme cold with a sense of coverage or style. 

Wait, is there a better way to phrase it? Maybe ""Arctic"" as the main part. ""Arctic"" gives a clear winter vibe. ""Eclipse"" adds a touch of uniqueness. Alternatively, ""Polar"" could be another option. ""Polar Veil""? ""Veil"" might not be the best term for a coat. 

Another angle: functionality. Words like ""Thermal,"" ""Insulated,"" ""Windproof."" But those might be too technical. The name should be memorable. Maybe ""Frostbite"" but that's negative. ""Frost"" is better. ""Frostline Coat""? 

Or think about the target's lifestyle. They might be professionals or someone who values both fashion and function. ""Urban"" could be a keyword. ""Urban Frost Coat""? 

Wait, the user specified ""Clothing"" and ""Winter Coats."" The name should be specific enough. Let me check if ""Arctic Eclipse"" is unique. Maybe ""Arctic"" is too common. ""Northern Lights"" is another possibility. ""Northern Light Coat""? 

Alternatively, ""Timeless"" since the age group might prefer something that lasts. ""Timeless Winter Coat""? But that's a bit generic. 

Back to ""Arctic Eclipse."" It's catchy, suggests both the cold and a stylish, maybe modern design. Eclipse could imply something that's all-encompassing or stylish. I think that works. Let me make sure there are no existing products with that name. Since I can't check, I'll go with that. The user wants only the product name, no quotes. So the final answer would be Arctic Eclipse Coat.","**Review:** ""Disappointing. Expected better quality and fit for the price. Not worth it.""","Okay, let's see. The user wants a brief review from Jocelyn, a 47-year-old customer from Ponca City, OK, who bought the Arctic Eclipse Coat and gave it 2 stars. The review needs to be concise.

First, I need to capture the key points: the product name, the location, age, and the low rating. Since it's brief, I shouldn't go into too much detail. Maybe start with the name and location. Then mention the purchase and the rating. The main reasons for the low rating should be clear but short. Possible issues could be quality, fit, or functionality. Since it's a coat, maybe it didn't keep her warm enough, or the material was poor. Alternatively, maybe the style wasn't as expected. Need to keep it to a sentence or two. Also, make sure it sounds genuine. Avoid any technical jargon. Keep it simple and to the point. Let me check the example response. It says ""Disappointing. Expected better quality and fit for the price. Not worth it."" That's good. So maybe similar structure. Maybe ""Not as warm as expected. Poor quality for the price. Would not recommend."" Or something like that. Make sure to include the key elements without being too wordy. Also, the name and location should be included. Wait, the example didn't include the name and location. The user's instruction says to write a review from Jocelyn, so maybe include her name and location in the review? Or is that just context for the assistant? The example response didn't include the name and location. Maybe the review itself doesn't need to have the name and location, just the content. So focus on the product experience. Alright, so the review should be a short statement expressing dissatisfaction. Maybe start with ""Disappointing purchase. The Arctic Eclipse Coat didn't meet expectations. Poor quality and uncomfortable fit. Not worth the price."" That's concise. Or ""Not happy with the Arctic Eclipse Coat. It's not as warm as advertised and the fabric feels cheap. Would not buy again."" Yeah, that's brief and to the point. Make sure it's under a few sentences. The key is to convey the negative aspects without being too verbose. Also, since it's a 2-star rating, the review should reflect that it's below average. Alright, I think that's covered."
Home & Kitchen,Organization,50-65,"{'age': 66, 'bachelors_field': 'stem', 'birth_date': '1959-01-03', 'city': 'Fort Collins', 'country': 'USA', 'county': 'Larimer County', 'education_level': 'bachelors', 'email_address': 'garry.howard@yahoo.com', 'ethnic_background': 'white', 'first_name': 'Garry', 'last_name': 'Howard', 'locale': 'en_US', 'marital_status': 'married_present', 'middle_name': 'Winston', 'occupation': 'plumber_pipefitter_or_steamfitter', 'phone_number': '952-885-5825', 'sex': 'Male', 'ssn': '521-09-6073', 'state': 'CO', 'street_name': 'Cherryvale Rd', 'street_number': 183, 'unit': '', 'uuid': 'cdab7c5e-0735-4aaa-bd58-d225b567ca69', 'zipcode': '80525'}",2,rambling,NestEase,"Okay, the user wants a creative product name for a Home & Kitchen organization product targeting 50-65-year-olds. Let me think about their needs. That age group might value simplicity, durability, and ease of use. Words like ""Easy,"" ""Simple,"" ""Smart,"" or ""Organize"" could be good. Maybe combine with something nostalgic or classic.

Hmm, ""NestEase"" comes to mind. Nest suggests a home, and Ease implies simplicity. Or ""SimpliVault"" – Simpli for simplicity and Vault for storage. Wait, ""Vault"" might be too techy. Maybe ""SimpliStore""? No, not catchy enough.

What about ""OrderlyHaven""? Haven gives a sense of peace, which is good. Or ""ClarityCaddy""? Caddy is a bit old-fashioned but might appeal. ""TidyTote"" is too generic. ""ZenithOrganize"" – Zenith sounds high-end. 

Wait, ""HeritageHub"" could work, implying a place for organizing with a classic feel. Or ""PrimePlanner""? Prime for essentials. ""ElderlyEase"" might be too specific. ""GoldenGather"" – Golden for the age group. 

Alternatively, ""NestEase"" seems strong. It's catchy, combines home (nest) with ease of organization. Let me check if that's unique. Maybe ""NestEase Organizer"" but the user wants just the name. Yeah, NestEase could be the product name. It's memorable and targets the need for easy organization in a home setting for that age group.","**Title: NestEase? More Like Nest-Ease-It-Out!**  

Well, you know, I’m Garry from Fort Collins, CO, and I’m 66, which I guess is like being a grumpy old man with a lot of patience, but not enough to deal with this thing called NestEase. I bought it a few weeks ago, thinking it’d be some sort of miracle device to make my life easier. You know, like how my grandkids use their phones and I’m still trying to figure out how to send a text. But no, this NestEase? It’s like a puzzle that’s missing half the pieces.  

First off, the setup. I followed the instructions, which were about as clear as a foggy morning in Fort Collins. I mean, seriously, the manual looked like it was written in a language I don’t speak—maybe Klingon? Anyway, I ended up calling customer service, which was like talking to a wall. They kept saying, “Just follow the steps,” but the steps were all over the place. I spent an hour trying to connect it to my Wi-Fi, and by the time I did, my wife was like, “Garry, why are you still staring at that box?” I told her it was a “learning experience,” but honestly, I think I learned how to hate technology.  

Now, the product itself. It’s supposed to be this “ease” thing, right? Like, maybe it helps with something? I don’t even know. Maybe it’s a smart thermostat? A reminder system? A gadget that helps you find your keys? I’m not sure. But here’s the thing: it doesn’t do any of that. Or if it does, it’s so inconsistent that it’s like flipping a coin. One day it works, the next it’s as useless as a screen door on a submarine. I tried using it to adjust my heating, but it kept freezing the house. I had to manually turn the thermostat, which makes me wonder why I even bought this thing.  

You know what’s worse? The price. I paid a pretty penny for this, and now I’m stuck with a gadget that’s more of a hassle than a help. I’ve had other products that were cheap but worked, but this? This feels like a scam. Maybe it’s not a scam, but it’s definitely not worth the money.  

And don’t get me started on the app. I tried using it on my phone, but it kept crashing. I think I broke my phone trying to fix it. My wife said I should just throw it out, but I’m holding onto it like a stubborn old man holding onto a rusty key. Maybe I’ll use it as a doorstop.  

In the end, I gave it two stars because I didn’t want to be completely harsh. I mean, it’s not the worst thing I’ve bought, but it’s definitely not the best. If you’re looking for something that actually works and doesn’t make you want to scream into a pillow, look elsewhere. But if you’re okay with frustration, maybe? Maybe? I don’t know. I’m still trying to figure out how to unbox it without crying.  

Anyway, that’s my rambling review. Thanks for listening. Or not. I’m not sure if anyone actually reads these things.","Okay, let's see. I need to write a 2-star review for NestEase from Garry, a 66-year-old from Fort Collins, CO. The style should be rambling. Hmm, rambling means it's a bit disorganized, maybe with some tangents or meandering thoughts. 

First, I should start with the basics. Garry bought NestEase, which I assume is some kind of product, maybe a smart home device or a product for elderly assistance? Since the name is NestEase, maybe it's related to ease of use or home automation. But since the rating is 2 stars, there are some issues.

Garry is 66, so maybe he's not too tech-savvy. That could be a point. The review should reflect his experience. The rambling style means the review might start with some irrelevant details, then get to the point, maybe go off on a tangent about something else, then come back. 

He's from Fort Collins, CO. Maybe mention the weather? Like if it's cold there, and how the product didn't help with that? Or maybe the delivery was slow because of the location? Not sure. 

The product's name is NestEase. Maybe he expected it to be easy to set up, but it wasn't. Or maybe it didn't work as advertised. Since it's a 2-star review, there are some specific complaints. Maybe it's complicated, or doesn't last long, or doesn't do what it's supposed to. 

Rambling style could involve starting with a story about his day, then mentioning the product, then going into other issues. Maybe he talks about other products he's bought, compares them, or talks about his age and how technology is hard for him. 

Possible structure: Start with a greeting or a casual opening. Then mention purchasing NestEase, maybe how he found it (online, store?), then his initial expectations. Then the problems: maybe setup was hard, didn't work as expected, maybe some technical issues, or maybe it broke quickly. Then maybe some other tangents about his life, like his wife's opinion, or other products he's tried. End with a recommendation not to buy it, but in a rambling way.

Need to make sure the language is informal, maybe some grammatical errors or run-on sentences. Avoid being too structured. Use phrases like ""you know,"" ""I mean,"" ""anyway,"" ""well,"" etc. 

Possible points to include: 

- Difficulty in setting up the product. 
- Product didn't function as advertised. 
- Maybe it's not user-friendly for older people. 
- Maybe the customer service was unhelpful. 
- Maybe the product is overpriced. 

Also, since it's a 2-star review, it's not the worst, but there are significant issues. 

Let me try to draft a sample. Start with something like, ""Well, you know, I'm Garry from Fort Collins, and I just bought this thing called NestEase. I don't know, I thought it would be easy, but..."" Then go into the problems. Maybe mention that he's not tech-savvy, so the setup was a nightmare. Then maybe talk about how it didn't help with his daily tasks, or maybe it broke after a week. Then maybe a tangent about his wife not wanting to deal with it, or other products he's tried. 

Make sure to keep the tone conversational and meandering. Avoid being too formal. Use contractions, maybe some slang. 

Check for the 2-star rating, so the review should express dissatisfaction but not complete anger. Maybe some frustration but not a rant. 

Also, include his location, age, and the product name. Make sure all those details are there. 

Okay, putting it all together now."
Books,Non-Fiction,35-50,"{'age': 28, 'bachelors_field': 'education', 'birth_date': '1997-10-02', 'city': 'Minneapolis', 'country': 'USA', 'county': 'Anoka County', 'education_level': 'bachelors', 'email_address': 'jmulchan58@icloud.com', 'ethnic_background': 'white', 'first_name': 'Justin', 'last_name': 'Mulchan', 'locale': 'en_US', 'marital_status': 'never_married', 'middle_name': 'Neil', 'occupation': 'manager', 'phone_number': '218-402-9309', 'sex': 'Male', 'ssn': '476-83-0858', 'state': 'MN', 'street_name': 'Washington Ave', 'street_number': 99, 'unit': '', 'uuid': 'ac95a634-cee6-4f97-940f-3a3002b1a3d0', 'zipcode': '55448'}",5,detailed,Essential Wisdom,"Okay, the user wants a creative product name for a non-fiction book targeting 35-50-year-olds. Let me think about what that age group might be interested in. They're likely looking for practical, insightful, or self-improvement books. Maybe something that conveys depth and real-world application.

Words like ""Essential,"" ""Guide,"" ""Manual,"" or ""Handbook"" could work. Also, considering their age, maybe terms that suggest experience or wisdom. ""Vintage"" or ""Timeless"" might appeal. Let me brainstorm some combinations.

How about ""Essential Wisdom""? That sounds good. Or ""The Practical Guide."" Wait, maybe ""Timeless Insights"" to emphasize lasting value. Another angle: ""Life Lessons"" or ""Real World Wisdom."" 

Wait, the user specified non-fiction, so maybe something that highlights expertise. ""Expert's Manual"" or ""Proven Strategies."" Also, considering the target age, maybe something that speaks to their life stage, like career, family, or personal growth. 

""Career Mastery"" could be a name. Or ""Family & Finance Guide."" But maybe too specific. Need something more general. ""The 35-50 Guide to Success""? Hmm, maybe too age-specific. 

What about ""The Essential Handbook for Modern Life""? That's a bit long. ""Modern Wisdom"" is shorter. Or ""Real-World Wisdom."" 

Alternatively, ""The Insightful Guide"" or ""Practical Insights."" Maybe ""The Non-Fiction Edge""? Not sure. 

Wait, the product name should be catchy and memorable. Let me think of alliteration or strong verbs. ""Unlock Your Potential"" but that's more motivational. 

How about ""The Practical Playbook""? Playbook suggests strategies. Or ""The Real-World Playbook."" 

Another thought: ""Timeless Truths"" or ""Enduring Wisdom."" 

I think ""Essential Wisdom"" is concise and fits. Let me check if that's unique enough. Maybe ""Essential Wisdom: A Guide for 35-50 Year Olds"" but the user wants just the name. 

Alternatively, ""The 35-50 Guide"" but maybe too direct. 

Wait, the user said to focus on non-fiction, so maybe ""Non-Fiction Essentials"" but that's too generic. 

How about ""The Insightful Manual""? Or ""The Practical Insight."" 

I think ""Essential Wisdom"" is a strong candidate. It's short, clear, and conveys the value. Let me go with that.","**Title: A Life-Changing Journey with Essential Wisdom – 5 Stars!**  

As a 28-year-old resident of Minneapolis, MN, I’ve always been on a quest to grow personally and professionally. When I came across *Essential Wisdom*, I was initially drawn to its promise of actionable insights and a holistic approach to self-improvement. After doing some research and reading a few testimonials, I decided to invest in this product. I’m thrilled to share that it exceeded my expectations in every way, and I’m giving it a full 5 stars.  

**What is Essential Wisdom?**  
*Essential Wisdom* isn’t just a book or a course—it’s a comprehensive toolkit designed to help individuals cultivate clarity, resilience, and purpose. It combines philosophical principles with practical exercises, offering a blend of ancient wisdom and modern psychology. The content is structured into modules, each focusing on a core theme like mindfulness, decision-making, emotional intelligence, and goal-setting. What sets it apart is its emphasis on *application*—it doesn’t just tell you *what* to do; it guides you *how* to do it.  

**My Experience with Essential Wisdom**  
I purchased the digital version, which includes video lessons, downloadable worksheets, and a companion app for tracking progress. From the moment I started, I noticed the content was meticulously organized. Each module began with a relatable scenario, followed by a breakdown of key concepts, and then actionable steps. For example, the module on *Mindful Decision-Making* didn’t just explain the theory of weighing pros and cons; it walked me through a 5-step process to evaluate choices without overthinking.  

One of the most impactful parts for me was the section on *Building Emotional Resilience*. As someone who often struggles with self-doubt, the exercises helped me reframe negative thoughts and develop a more compassionate inner dialogue. I particularly loved the “Reflection Journal” activity, which encouraged me to document my emotions daily. Over time, I saw a noticeable shift in how I handled stress—something I hadn’t achieved with other resources.  

**Specific Benefits I Experienced**  
1. **Clarity in Chaos**: Before using Essential Wisdom, I often felt overwhelmed by life’s demands. The mindfulness techniques taught me to pause and assess situations calmly, which has drastically reduced my anxiety.  
2. **Actionable Growth**: The worksheets weren’t just theoretical. They pushed me to set small, achievable goals and track my progress. For instance, I used the “30-Day Gratitude Challenge” to shift my mindset, and now I’m more appreciative of everyday moments.  
3. **Community and Support**: The online forum associated with the product was a game-changer. Connecting with others who were on similar journeys provided motivation and diverse perspectives. I even found a mentor in the group who shared insights that resonated with my own struggles.  

**Why It’s Worth It**  
What truly makes *Essential Wisdom* stand out is its balance between depth and accessibility. The language is clear and relatable, avoiding jargon while still offering profound insights. Unlike other self-help products I’ve tried, which felt generic or superficial, this one feels tailored to real-life challenges. It’s not just about fixing problems—it’s about building a foundation for long-term growth.  

**Final Thoughts**  
If you’re looking for a resource that combines wisdom with practicality, *Essential Wisdom* is a must-have. It’s not just a product; it’s a companion on your journey to becoming the best version of yourself. I’ve already recommended it to friends, and I can’t wait to see how it continues to shape my life. Five stars all around—this is exactly what I needed!  

**Rating: 5/5**  
*Essential Wisdom* has transformed how I approach challenges and has given me tools I’ll use for years to come. Highly recommended!","Okay, I need to write a detailed 5-star review for Essential Wisdom from Justin, a 28-year-old from Minneapolis. Let me start by thinking about what aspects of the product would be important to highlight. Since it's a product called Essential Wisdom, maybe it's a book, a course, or some kind of self-help or educational material. The review should be detailed, so I should include specific examples of how the product helped Justin.

First, I should set the context. Justin is from Minneapolis, so maybe mention his background or why he chose this product. Maybe he was looking for something to improve his life, career, or personal growth. Then, describe the product itself. What does Essential Wisdom offer? Is it a book with actionable advice? A digital course with videos? Maybe a journal or a set of tools?

Next, the review needs to be personal. Justin should share his experience. How did he use the product? What were his initial expectations? Did it meet or exceed them? Specific instances where the product made a difference. For example, if it's a book, maybe a particular chapter or concept that resonated with him. If it's a course, maybe a lesson that changed his perspective.

Also, since it's a 5-star rating, the review should be enthusiastic. Use positive language. Mention the quality of the content, the clarity of the instructions, the effectiveness of the methods. Maybe compare it to other products he's used before. Highlight any unique features that set Essential Wisdom apart.

I should also consider the tone. It should sound genuine, not too salesy. Justin is a real customer, so his review should reflect that. Maybe include some personal anecdotes or how it affected his daily life. For instance, if it helped him with stress management, decision-making, or relationships.

Possible structure: Introduction (who he is, why he bought it), description of the product, personal experience with using it, specific benefits or outcomes, and a conclusion recommending it.

Check for details: Make sure to include specific elements. If it's a book, maybe the author's style, the structure of the chapters. If it's a digital product, the interface, the resources provided. Maybe mention how easy it was to use or follow.

Also, since it's from Minneapolis, maybe mention something about the local context, but not sure if that's necessary. Maybe not, unless it's relevant. Focus more on the product's impact.

Avoid being too generic. Instead of saying ""it's great,"" say ""it helped me develop a new habit that improved my productivity by 30%."" Specific numbers or examples add credibility.

Possible challenges: Ensuring the review is detailed enough without being too long. Need to balance between thoroughness and conciseness. Also, making sure the review flows naturally and sounds like a real person's experience.

Another thought: Maybe Justin faced a specific problem before purchasing Essential Wisdom. For example, he was struggling with time management, or feeling overwhelmed. The product helped him overcome that. Including that struggle adds depth to the review.

Also, think about the target audience. If Essential Wisdom is aimed at professionals, students, or general self-improvement, tailor the review accordingly. Since the name is ""Essential Wisdom,"" it might be for anyone seeking guidance or knowledge.

In summary, the review should have:

- Introduction with Justin's background and reason for purchase
- Description of Essential Wisdom
- Detailed account of usage and experience
- Specific benefits and outcomes
- Personal impact and recommendation

Now, putting it all together in a natural, detailed manner."
Home Office,Chairs,65+,"{'age': 28, 'bachelors_field': 'no degree', 'birth_date': '1997-03-01', 'city': 'York', 'country': 'USA', 'county': 'York County', 'education_level': 'high_school', 'email_address': 'brettcrumbley20@icloud.com', 'ethnic_background': 'white', 'first_name': 'Brett', 'last_name': 'Crumbley', 'locale': 'en_US', 'marital_status': 'never_married', 'middle_name': 'Allen', 'occupation': 'retail_salesperson', 'phone_number': '223-236-9934', 'sex': 'Male', 'ssn': '182-22-2883', 'state': 'PA', 'street_name': 'Ravenwood Ave', 'street_number': 218, 'unit': '', 'uuid': '0f99d672-5e34-4176-8df4-0db9dafbb396', 'zipcode': '17401'}",5,brief,ZenRecline,"Okay, the user wants a creative product name for a home office chair targeting people 65 and older. Let me start by thinking about what's important for that age group. Comfort is key, maybe ergonomic support. Words like ""comfort,"" ""support,"" ""easy,"" or ""relax"" could be useful.

Also, the name should be easy to remember and maybe have a friendly or reassuring feel. Words like ""Zen,"" ""Harmony,"" ""Serenity,"" or ""Ease"" might work. Maybe combine some of these with chair-related terms. 

Let me brainstorm some combinations. ""EasyGlide Chair"" sounds simple and suggests smooth movement. ""ZenRecline"" combines relaxation with reclining. ""ComfortNest"" implies a cozy place to sit. ""SupportCushion"" emphasizes support. ""GoldenSeat"" targets the age group with ""golden"" implying older age. ""EaseBack"" focuses on ease of use. ""HarmonyChair"" suggests balance and comfort. ""RelaxRise"" combines relaxation with getting up easily. ""SoftTouch"" implies gentle support. ""EverComfort"" suggests lasting comfort.

Now, which of these are catchy and not too long? ""ZenRecline"" and ""GoldenSeat"" stand out. ""ZenRecline"" has a nice ring to it, suggesting both relaxation and a reclining feature which is good for comfort. ""GoldenSeat"" directly references the target age. Maybe ""ZenRecline"" is more unique and creative. Let me check if there are any existing products with similar names. Not that I know of. So ""ZenRecline"" seems like a good fit.","**ZenRecline (York, PA): Comfortable, supportive, and modern. Durable and perfect for relaxing. 5 stars! Highly recommend.**","Okay, Brett from York, PA, 28 years old, bought ZenRecline. Needs a 5-star brief review. Let me start with the basics. He should mention the product name and his location. Since it's brief, keep it short.

First sentence: Maybe start with a positive statement. ""Great purchase!"" That's catchy. Then mention the product and location. ""ZenRecline from York, PA"" – wait, he's from York, PA, so maybe ""ZenRecline (York, PA)"" to show where he's from.

Next, what's good about it? Comfort is key for a recliner. ""Comfortable and supportive"" covers that. Maybe add something about the design. ""Modern design"" sounds good. 

Durability? ""Durable build"" is a plus. Then maybe mention usage. ""Perfect for relaxing"" – that's a common use case. 

End with a recommendation. ""Highly recommend!"" keeps it positive and concise. 

Check the length. Should be a couple of sentences. Let me put it all together. Make sure it's under a short paragraph. Avoid any fluff. Use simple language. 

Wait, the user specified 'brief' style. So maybe even shorter. Let me see. ""ZenRecline (York, PA) is comfortable, supportive, and has a modern design. Durable and perfect for relaxing. Highly recommend!"" That's two sentences. Maybe even shorter. 

Alternatively: ""ZenRecline from York, PA: Comfortable, supportive, modern design. Durable and great for relaxing. 5 stars!"" That's even more concise. Yeah, that works. Make sure all key points are there: comfort, support, design, durability, recommendation. And the rating is 5 stars. 

Double-check the requirements. Brett is 28, recent purchase. The review should reflect that. Maybe ""recent purchase"" isn't necessary unless specified. The user didn't mention including that detail, so maybe it's okay to omit. 

Final version: ""ZenRecline (York, PA) is comfortable, supportive, and has a modern design. Durable and perfect for relaxing. Highly recommend!"" That's brief, hits all the points, and is 5 stars."
